Pclass,Name,Sex,Age,SibSp,Parch,Ticket,Fare,Cabin,Embarked,Survived
3,108,1,22,1,0,523,7.25,47,2,0
1,190,0,38,1,0,596,71.2833,81,0,1
3,353,0,26,0,0,669,7.925,47,2,1
1,272,0,35,1,0,49,53.1,55,2,1
3,15,1,35,0,0,472,8.05,47,2,0
3,554,1,29,0,0,275,8.4583,47,1,0
1,515,1,54,0,0,85,51.8625,129,2,0
3,624,1,2,3,1,395,21.075,47,2,0
3,412,0,27,0,2,344,11.1333,47,2,1
2,576,0,14,1,0,132,30.0708,47,0,1
3,727,0,4,1,1,616,16.7,145,2,1
1,95,0,58,0,0,38,26.55,49,2,1
3,729,1,20,0,0,535,8.05,47,2,0
3,28,1,39,1,5,333,31.275,47,2,0
3,840,0,14,0,0,413,7.8542,47,2,0
2,359,0,55,0,0,153,16.0,47,2,1
3,682,1,2,4,1,480,29.125,47,1,0
2,867,1,29,0,0,151,13.0,47,2,1
3,839,0,31,1,0,301,18.0,47,2,0
3,512,0,29,0,0,184,7.225,47,0,1
2,273,1,35,0,0,139,26.0,47,2,0
2,80,1,34,0,0,152,13.0,111,2,1
3,523,0,15,0,0,278,8.0292,47,1,1
1,765,1,28,0,0,42,35.5,13,2,1
3,626,0,8,3,1,395,21.075,47,2,0
3,44,0,38,1,5,329,31.3875,47,2,1
3,240,1,29,0,0,179,7.225,47,0,0
1,260,1,19,3,2,95,263.0,63,2,0
3,605,0,29,0,0,283,7.8792,47,1,1
3,813,1,29,0,0,362,7.8958,47,2,0
1,828,1,40,0,0,598,27.7208,47,0,0
1,776,0,29,1,0,586,146.5208,41,0,1
3,289,0,29,0,0,288,7.75,47,1,1
2,856,1,66,0,0,549,10.5,47,2,0
1,535,1,28,1,0,600,82.1708,47,0,0
1,372,1,42,1,0,43,52.0,47,2,0
3,505,1,29,0,0,202,7.2292,47,0,1
3,134,1,21,0,0,514,8.05,47,2,0
3,837,0,18,2,0,302,18.0,47,2,0
3,589,0,14,1,0,186,11.2417,47,0,1
3,7,0,40,1,0,507,9.475,47,2,0
2,827,0,27,1,0,53,21.0,47,2,0
3,446,1,29,0,0,391,7.8958,47,0,0
2,456,0,3,1,2,634,41.5792,47,0,1
3,212,0,19,0,0,282,7.8792,47,1,1
3,697,1,29,0,0,617,8.05,47,2,0
3,473,1,29,1,0,462,15.5,47,1,0
3,604,0,29,0,0,76,7.75,47,1,1
3,726,1,29,2,0,190,21.6792,47,0,0
3,38,0,18,1,0,377,17.8,47,2,0
3,629,1,7,4,1,249,39.6875,47,2,0
3,594,1,21,0,0,522,7.8,47,2,0
1,333,0,49,1,0,587,76.7292,101,0,1
2,246,0,29,1,0,239,26.0,47,2,1
1,620,1,65,0,1,29,61.9792,23,0,0
1,873,1,29,0,0,94,35.5,71,2,1
2,707,0,21,0,0,555,10.5,47,2,1
3,595,1,28,0,0,215,7.2292,47,0,0
2,853,0,5,1,2,561,27.75,47,2,1
3,299,1,11,5,2,566,46.9,47,2,0
3,749,1,22,0,0,197,7.2292,47,0,0
1,385,0,38,0,0,32,80.0,21,2,1
1,337,1,45,1,0,457,83.475,80,2,0
3,755,1,4,3,2,337,27.9,47,2,0
1,784,1,29,0,0,601,27.7208,47,0,0
3,560,1,29,1,1,189,15.2458,47,0,1
2,596,0,29,0,0,553,10.5,142,2,1
3,185,1,19,0,0,623,8.1583,47,2,0
3,25,0,17,4,2,248,7.925,47,2,1
3,440,1,26,2,0,270,8.6625,47,2,0
2,396,1,32,0,0,557,10.5,47,2,0
3,300,0,16,5,2,566,46.9,47,2,0
2,376,1,21,0,0,621,73.5,47,2,0
3,161,1,26,1,0,204,14.4542,47,0,0
3,87,1,32,0,0,80,56.4958,47,2,1
3,546,1,25,0,0,347,7.65,140,2,0
3,778,1,29,0,0,355,7.8958,47,2,0
3,563,1,29,0,0,473,8.05,47,2,0
2,127,1,0,0,2,158,29.0,47,2,1
3,223,0,30,0,0,432,12.475,47,2,1
3,842,1,22,0,0,304,9.0,47,2,0
3,737,1,29,0,0,311,9.5,47,2,1
3,519,0,29,0,0,280,7.7875,47,1,1
1,141,1,28,0,0,25,47.1,47,2,0
2,386,0,17,0,0,637,10.5,47,2,1
3,52,0,33,3,0,247,15.85,47,2,1
3,255,1,16,1,3,676,34.375,47,2,0
3,764,1,29,0,0,652,8.05,47,2,0
1,259,0,23,3,2,95,263.0,63,2,1
3,149,1,24,0,0,297,8.05,47,2,0
3,159,1,29,0,0,298,8.05,47,2,0
3,31,1,20,0,0,341,7.8542,47,2,0
1,150,1,46,1,0,678,61.175,122,2,0
3,209,1,26,1,2,548,20.575,47,2,0
3,184,1,59,0,0,428,7.25,47,2,0
3,740,1,29,0,0,475,8.05,47,2,0
1,292,1,71,0,0,607,34.6542,12,0,0
1,308,1,23,0,1,612,63.3583,91,0,1
2,219,0,34,0,1,117,23.0,47,2,1
2,422,1,34,1,0,150,26.0,47,2,0
3,656,0,28,0,0,384,7.8958,47,2,0
3,658,1,29,0,0,361,7.8958,47,2,0
1,858,1,21,0,1,417,77.2875,98,2,0
3,405,1,33,0,0,505,8.6542,47,2,0
3,312,1,37,2,0,245,7.925,47,2,0
3,542,1,28,0,0,354,7.8958,47,2,0
3,724,0,21,0,0,296,7.65,47,2,1
3,559,1,29,0,0,254,7.775,47,2,1
3,675,1,38,0,0,388,7.8958,47,2,0
3,552,0,29,1,0,469,24.15,47,1,1
1,667,1,47,0,0,2,52.0,52,2,0
3,882,0,14,1,0,193,14.4542,47,0,0
3,67,1,22,0,0,274,8.05,47,2,0
3,417,0,20,1,0,491,9.825,47,2,0
3,46,0,17,0,0,176,14.4583,47,0,0
3,645,1,21,0,0,666,7.925,47,2,0
3,178,1,70,0,0,460,7.75,47,1,0
2,826,1,29,1,0,53,21.0,47,2,0
1,70,1,24,0,1,585,247.5208,36,0,0
3,24,0,2,4,2,333,31.275,47,2,0
2,362,1,21,2,0,621,73.5,47,2,0
3,551,1,29,0,0,540,8.05,47,2,0
2,575,1,32,1,0,132,30.0708,47,0,0
2,848,0,32,0,0,219,13.0,116,2,1
1,857,1,54,0,1,417,77.2875,98,2,0
3,588,1,12,1,0,186,11.2417,47,0,1
3,525,1,29,0,0,463,7.75,47,1,0
3,499,1,24,0,0,541,7.1417,47,2,1
3,653,0,29,1,1,196,22.3583,138,0,1
3,234,1,45,0,0,318,6.975,47,2,0
3,225,1,33,0,0,380,7.8958,47,0,0
3,165,1,20,0,0,640,7.05,47,2,0
3,695,0,47,1,0,537,14.5,47,2,0
2,851,0,29,1,0,111,26.0,47,2,1
2,772,1,25,0,0,552,13.0,47,2,0
2,685,1,23,0,0,630,15.0458,47,0,0
1,585,0,19,0,2,55,26.2833,107,2,1
1,271,1,37,1,0,49,53.1,55,2,0
3,618,1,16,0,0,504,9.2167,47,2,0
1,282,1,24,0,0,592,79.2,45,0,0
3,99,0,29,0,2,203,15.2458,47,0,0
3,597,0,22,0,0,332,7.75,47,2,1
3,319,0,24,1,0,668,15.85,47,2,1
3,116,1,19,0,0,438,6.75,47,1,0
2,32,1,18,0,0,118,11.5,47,2,0
2,586,1,19,1,1,558,36.75,47,2,0
3,29,1,27,0,0,405,7.7958,47,2,1
3,254,0,9,2,2,676,34.375,47,2,0
2,580,1,36,0,2,113,26.0,141,2,0
2,121,1,42,0,0,147,13.0,47,2,0
2,68,1,51,0,0,622,12.525,47,2,0
1,643,0,22,1,0,36,66.6,61,2,1
3,532,1,55,0,0,516,8.05,47,2,0
3,889,1,40,0,2,538,14.5,47,2,0
3,612,1,29,0,0,573,7.3125,47,2,0
1,866,1,51,0,1,595,61.3792,47,0,0
3,287,0,16,0,0,418,7.7333,47,1,1
3,181,1,30,0,0,654,8.05,47,2,0
3,767,1,29,0,0,258,8.6625,47,2,0
3,716,1,29,8,2,568,69.55,47,2,0
3,186,1,44,0,1,470,16.1,47,2,0
2,847,0,40,0,0,559,15.75,47,2,1
3,82,1,26,0,0,323,7.775,47,2,0
3,129,1,17,0,0,265,8.6625,47,2,0
3,628,1,1,4,1,249,39.6875,47,2,0
3,293,1,9,0,2,423,20.525,47,2,1
1,157,0,29,0,1,28,55.0,123,2,1
3,760,0,45,1,4,337,27.9,47,2,0
1,69,1,29,0,0,576,25.925,47,2,0
3,486,1,28,0,0,80,56.4958,47,2,0
1,832,1,61,0,0,5,33.5,18,2,0
3,680,1,4,4,1,480,29.125,47,1,0
3,408,0,1,1,1,344,11.1333,47,2,1
3,752,1,21,0,0,659,7.925,47,2,0
1,769,1,56,0,0,90,30.6958,14,0,0
3,444,1,18,1,1,412,7.8542,47,2,0
3,464,1,29,3,1,488,25.4667,47,2,0
1,388,0,50,0,0,593,28.7125,69,0,0
2,320,1,30,0,0,169,13.0,47,2,0
3,474,1,36,0,0,574,0.0,47,2,0
3,717,0,29,8,2,568,69.55,47,2,0
2,650,1,29,0,0,629,15.05,47,0,0
3,41,1,9,4,2,329,31.3875,47,2,0
2,76,1,1,2,1,114,39.0,144,2,1
3,441,0,4,0,2,271,22.025,47,2,1
1,700,1,29,0,0,34,50.0,9,2,0
3,601,0,29,1,0,459,15.5,47,1,1
1,698,1,45,0,0,11,26.55,47,2,1
3,101,1,40,1,1,435,15.5,47,1,0
3,823,1,36,0,0,386,7.8958,47,2,0
2,664,0,32,0,0,122,13.0,47,2,1
2,136,1,19,0,0,227,13.0,47,2,0
3,20,0,19,1,0,406,7.8542,47,2,1
2,579,1,3,1,1,113,26.0,141,2,1
1,113,0,44,0,0,604,27.7208,28,0,1
1,495,0,58,0,0,586,146.5208,43,0,1
3,533,1,29,0,0,452,7.75,47,1,0
3,611,1,42,0,1,494,8.4042,47,2,0
3,497,0,29,0,0,461,7.75,47,1,1
2,881,0,24,0,0,160,13.0,47,2,0
3,834,1,28,0,0,306,9.5,47,2,0
3,721,1,29,8,2,568,69.55,47,2,0
3,403,1,34,0,0,242,6.4958,47,2,0
3,878,1,45,0,0,177,7.225,47,0,0
3,166,1,18,0,0,530,8.05,47,2,1
3,789,0,2,0,1,316,10.4625,145,2,0
3,51,1,32,1,0,247,15.85,47,2,0
3,9,1,26,0,0,216,18.7875,47,0,1
3,140,0,16,0,0,445,7.75,47,1,1
1,94,1,40,0,0,17,31.0,8,0,1
3,12,1,24,0,0,642,7.05,47,2,0
2,131,0,35,0,0,570,21.0,47,2,1
3,649,1,22,0,0,526,7.25,47,2,0
2,288,1,30,0,0,163,13.0,47,2,0
3,437,1,29,1,0,443,7.75,47,1,0
1,582,0,31,1,0,416,113.275,103,0,1
3,375,0,27,0,0,670,7.925,47,2,1
2,390,1,42,1,0,142,27.0,47,2,0
1,72,0,32,0,0,63,76.2917,93,0,1
2,338,1,30,0,0,679,10.5,47,2,0
3,791,1,16,0,0,653,8.05,47,2,1
2,105,1,27,0,0,105,13.0,47,2,0
3,306,1,51,0,0,102,8.05,47,2,0
3,581,1,29,0,0,375,7.8958,47,2,0
1,379,1,38,1,0,93,90.0,87,2,1
3,83,1,22,0,0,615,9.35,47,2,0
2,531,1,19,0,0,672,10.5,47,2,1
3,492,1,20,0,0,525,7.25,47,2,0
2,243,1,18,0,0,125,13.0,47,2,0
3,467,0,29,3,1,488,25.4667,47,2,0
1,339,0,35,1,0,457,83.475,80,2,1
3,460,1,29,0,0,322,7.775,47,2,0
2,754,1,59,0,0,128,13.5,47,2,0
3,43,0,5,4,2,329,31.3875,47,2,1
2,479,1,24,0,0,554,10.5,47,2,0
3,329,0,29,0,0,677,7.55,47,2,0
2,370,1,44,1,0,198,26.0,47,2,0
2,172,0,8,0,2,556,26.25,47,2,1
2,648,1,19,0,0,231,10.5,47,2,0
2,383,1,33,0,0,636,12.275,47,2,0
3,883,0,29,1,0,193,14.4542,47,0,0
3,567,0,29,1,0,444,15.5,47,1,1
2,169,1,29,0,0,674,10.5,47,2,0
3,500,1,22,0,0,658,7.125,47,2,0
3,47,1,30,0,0,213,7.225,47,0,0
1,539,1,44,2,0,92,90.0,78,1,0
3,481,0,25,0,0,325,7.775,47,2,0
2,322,0,24,0,2,166,14.5,47,2,1
1,78,1,37,1,1,54,52.5542,102,2,1
2,147,1,54,1,0,144,26.0,47,2,0
3,673,1,29,0,0,422,7.25,47,2,0
3,790,0,29,1,1,316,10.4625,145,2,0
1,782,1,62,0,0,31,26.55,83,2,0
3,487,1,30,1,0,536,16.1,47,2,0
3,702,0,41,0,2,458,20.2125,47,2,0
3,819,0,29,0,2,185,15.2458,47,0,1
1,808,0,29,0,0,589,79.2,47,0,1
1,156,0,30,0,0,0,86.5,40,2,1
1,844,0,35,0,0,608,512.3292,47,0,1
2,636,0,50,0,1,115,26.0,47,2,1
3,771,1,29,0,0,482,7.75,47,1,0
3,42,1,3,4,2,329,31.3875,47,2,1
1,799,1,52,1,1,1,79.65,134,2,0
1,340,1,40,0,0,16,0.0,46,2,0
3,356,0,29,0,0,478,7.75,47,1,0
2,674,1,36,0,0,546,10.5,47,2,0
3,631,1,16,4,1,249,39.6875,47,2,0
3,652,1,25,1,0,334,7.775,47,2,1
1,305,0,58,0,1,588,153.4625,57,2,1
1,91,0,35,0,0,613,135.6333,89,2,1
1,125,1,29,0,0,47,31.0,47,2,0
3,817,1,25,0,0,574,0.0,47,2,1
2,530,0,41,0,1,162,19.5,47,2,1
1,577,1,37,0,1,594,29.7,54,0,0
3,350,0,29,0,0,465,7.75,47,1,1
1,33,0,63,1,0,71,77.9583,113,2,1
3,482,0,45,0,0,326,7.75,47,2,0
2,634,1,29,0,0,135,0.0,47,2,0
3,681,1,7,4,1,480,29.125,47,1,0
3,2,0,35,1,1,551,20.25,47,2,1
3,227,1,65,0,0,290,7.75,47,1,0
3,614,1,28,0,0,340,7.8542,47,2,0
3,887,1,16,0,0,310,9.5,47,2,0
3,221,1,19,0,0,533,8.05,47,2,1
1,770,1,29,0,0,24,26.0,3,2,0
3,779,1,33,0,0,378,8.6625,47,0,0
3,886,1,30,0,0,308,9.5,47,2,1
3,570,1,22,0,0,353,7.8958,47,2,0
2,378,1,42,0,0,134,13.0,47,2,1
3,177,0,22,0,0,464,7.75,47,1,1
1,65,0,26,0,0,91,78.85,47,2,1
1,90,0,19,1,0,64,91.0792,31,0,1
2,477,1,36,0,0,635,12.875,90,0,0
3,315,0,24,0,0,376,8.85,47,2,0
3,541,1,24,0,0,374,7.8958,47,2,0
1,478,1,29,0,0,606,27.7208,47,0,0
3,324,1,23,0,0,212,7.2292,47,0,0
1,17,0,2,1,2,37,151.55,62,2,0
1,714,1,29,0,0,98,30.5,51,2,1
1,71,0,50,0,1,585,247.5208,36,0,1
3,431,0,29,0,0,513,7.75,47,1,1
3,518,1,29,2,0,441,23.25,47,1,1
3,411,1,19,0,0,574,0.0,47,2,0
2,428,0,29,0,0,109,12.35,116,1,1
3,868,1,29,0,0,527,8.05,47,2,0
1,16,1,0,1,2,37,151.55,62,2,1
1,248,0,29,0,0,83,110.8833,47,0,1
1,647,0,17,1,0,611,108.9,74,0,1
2,3,1,30,1,0,575,24.0,47,0,0
1,263,0,30,0,0,584,56.9292,125,0,1
1,348,0,24,0,0,59,83.1583,72,0,1
1,710,0,18,2,2,602,262.375,35,0,1
2,449,0,26,1,1,167,26.0,47,2,0
3,355,1,28,0,0,382,7.8958,47,2,0
2,342,1,43,1,1,571,26.25,47,2,0
3,590,0,26,0,0,343,7.8542,47,2,1
2,423,0,24,1,0,150,26.0,47,2,1
2,555,1,54,0,0,232,14.0,47,2,0
1,859,0,31,0,2,453,164.8667,76,2,1
1,775,0,40,1,1,81,134.5,124,0,1
3,211,1,22,0,0,524,7.25,47,2,0
3,200,1,27,0,0,365,7.8958,47,2,0
2,762,0,30,0,0,124,12.35,47,1,1
2,128,0,22,1,1,158,29.0,47,2,1
3,722,1,29,8,2,568,69.55,47,2,0
1,877,0,36,0,0,613,135.6333,65,0,1
3,598,1,61,0,0,299,6.2375,47,2,0
2,60,0,36,0,0,229,13.0,90,2,1
3,295,0,31,1,1,423,20.525,47,2,1
1,363,0,16,0,1,7,57.9792,17,0,1
3,517,0,29,2,0,441,23.25,47,1,1
1,637,1,45,0,0,20,28.5,56,2,0
1,304,1,38,0,1,588,153.4625,85,2,0
3,838,1,16,2,0,302,18.0,47,2,0
1,265,0,29,1,0,605,133.65,47,2,1
3,210,1,29,0,0,370,7.8958,47,2,0
1,642,1,29,1,0,36,66.6,61,2,0
1,117,0,41,0,0,81,134.5,127,0,1
3,192,1,45,0,0,510,8.05,47,2,1
1,93,1,45,0,0,39,35.5,146,2,0
2,578,1,2,1,1,113,26.0,141,2,1
1,258,0,24,3,2,95,263.0,63,2,1
2,170,1,28,0,0,159,13.0,47,2,0
2,733,1,25,0,0,149,13.0,47,2,0
2,262,1,36,0,0,112,13.0,47,2,0
2,111,0,24,0,0,157,13.0,142,2,1
2,768,0,40,0,0,257,13.0,47,2,1
3,207,0,29,1,0,483,16.1,47,2,1
3,183,1,3,1,1,562,15.9,47,2,1
3,215,1,42,0,0,262,8.6625,47,2,0
3,608,1,23,0,0,503,9.225,47,2,0
1,870,1,29,0,0,30,35.0,59,2,0
3,237,1,15,1,1,214,7.2292,47,0,0
3,37,1,25,1,0,377,17.8,47,2,0
3,879,1,29,0,0,182,7.225,47,0,0
3,835,1,28,0,0,314,9.5,47,2,0
1,104,0,22,0,1,28,55.0,123,2,1
2,270,0,38,0,0,131,13.0,47,2,0
3,522,0,29,0,0,279,7.8792,47,1,1
3,545,0,29,0,0,285,7.8792,47,1,1
3,759,1,40,1,4,337,27.9,47,2,0
2,888,1,29,1,0,633,27.7208,47,0,0
3,64,0,45,0,1,211,14.4542,47,0,0
3,40,1,35,0,0,641,7.05,47,2,0
3,599,1,29,1,0,459,15.5,47,1,0
3,5,1,30,0,0,544,7.25,47,2,0
1,845,0,60,1,0,4,75.25,104,0,1
3,562,0,29,0,0,175,7.2292,47,0,1
3,400,0,29,0,0,78,7.75,47,1,1
1,48,0,24,0,0,581,69.3,24,0,1
1,328,1,25,1,0,58,55.4417,131,0,1
3,863,1,18,1,0,244,6.4958,47,2,0
3,75,1,19,0,0,273,8.05,47,2,0
1,690,1,22,0,0,613,135.6333,47,0,0
3,625,0,3,3,1,395,21.075,47,2,0
1,536,0,29,1,0,600,82.1708,47,0,1
3,454,0,22,0,0,545,7.25,47,2,1
1,862,1,27,0,2,27,211.5,79,0,0
3,85,1,20,0,0,183,4.0125,47,0,0
3,314,1,19,0,0,324,7.775,47,2,0
1,86,0,42,0,0,610,227.525,47,0,1
3,572,0,1,0,2,187,15.7417,47,0,1
3,811,1,32,0,0,665,7.925,47,2,0
1,373,0,35,1,0,43,52.0,47,2,1
3,665,1,29,0,0,371,7.8958,47,2,0
2,205,1,18,0,0,621,73.5,47,2,0
3,298,1,1,5,2,566,46.9,47,2,0
2,118,0,36,0,0,220,13.0,47,2,1
3,715,1,29,0,0,447,7.7292,47,1,0
2,468,0,17,0,0,625,12.0,47,0,1
1,144,1,36,1,2,33,120.0,47,2,1
3,393,1,21,0,0,401,7.7958,47,2,1
3,313,1,28,2,0,246,7.925,47,2,0
1,583,0,23,1,0,416,113.275,103,0,1
3,728,0,24,0,2,616,16.7,145,2,1
3,404,1,22,0,0,410,7.7958,47,2,0
3,613,0,31,0,0,414,7.8542,47,2,0
2,524,1,46,0,0,226,26.0,47,2,0
2,623,1,23,0,0,146,10.5,47,2,0
2,821,0,28,0,0,140,12.65,47,2,1
3,592,1,39,0,0,663,7.925,47,2,1
3,6,1,26,0,0,292,8.05,47,2,0
3,418,0,21,1,0,492,9.825,47,2,0
3,318,1,28,1,0,668,15.85,47,2,0
3,616,0,20,0,0,267,8.6625,47,2,0
2,274,1,34,1,0,230,21.0,47,2,0
3,861,1,51,0,0,321,7.75,47,2,0
2,687,1,3,1,1,237,18.75,47,2,1
3,88,1,21,0,0,255,7.775,47,2,0
3,465,0,29,3,1,488,25.4667,47,2,0
3,732,1,29,0,0,367,7.8958,47,2,0
3,343,1,29,0,0,487,6.8583,47,1,0
1,540,0,33,1,0,92,90.0,78,1,1
2,191,1,29,0,0,135,0.0,47,2,0
3,792,1,44,0,0,655,7.925,47,2,1
3,528,0,29,0,0,295,8.05,47,2,0
2,226,0,34,1,1,224,32.5,47,2,1
2,742,0,18,0,2,168,13.0,47,2,1
2,513,1,30,0,0,225,13.0,47,2,0
3,829,0,10,0,2,307,24.15,47,2,0
3,281,1,29,0,0,392,7.8958,47,0,0
3,155,1,21,0,0,534,7.7333,47,1,0
3,884,1,29,0,0,259,7.875,47,2,0
3,198,0,28,1,1,331,14.4,47,2,0
3,701,1,18,1,1,458,20.2125,47,2,0
3,872,1,29,0,0,521,7.25,47,2,0
2,162,0,28,1,0,100,26.0,47,2,1
2,662,0,19,0,0,170,26.0,47,2,1
3,249,1,29,0,0,437,7.75,47,1,0
3,663,1,32,0,0,644,8.05,115,2,1
1,92,1,28,0,0,3,26.55,71,2,1
3,810,0,29,1,0,476,16.1,47,2,1
2,491,0,42,1,0,627,26.0,47,2,1
3,420,1,17,0,0,657,7.125,47,2,0
1,744,1,50,1,0,72,55.9,128,2,0
1,143,0,14,1,2,33,120.0,47,2,1
3,253,0,21,2,2,676,34.375,47,2,0
2,688,0,24,2,3,237,18.75,47,2,1
1,261,1,64,1,4,95,263.0,63,2,0
2,447,1,31,0,0,547,10.5,47,2,0
2,344,0,45,1,1,571,26.25,47,2,1
3,323,1,20,0,0,305,9.5,47,2,0
3,659,1,25,1,0,328,7.775,47,2,0
2,679,0,28,0,0,116,13.0,47,2,1
3,402,1,29,0,0,499,8.1125,47,2,1
1,216,1,4,0,2,289,81.8583,10,2,1
2,529,0,13,0,1,162,19.5,47,2,1
1,735,1,34,0,0,45,26.55,47,2,1
3,55,0,5,2,1,194,19.2583,47,0,1
1,661,1,52,0,0,40,30.5,50,2,1
2,854,1,36,1,2,561,27.75,47,2,0
3,316,1,29,1,0,497,19.9667,47,2,0
1,257,1,30,0,0,22,27.75,53,0,0
1,290,1,49,1,0,84,89.1042,86,0,1
3,644,1,29,0,0,528,8.05,47,2,0
3,392,1,29,0,0,379,7.8958,47,0,1
1,537,1,65,0,0,73,26.55,126,2,0
1,436,0,29,1,0,86,51.8625,97,2,1
2,815,0,50,0,0,572,10.5,47,2,1
3,603,1,29,0,0,468,7.75,47,1,0
1,21,1,48,0,0,96,26.55,117,2,1
3,557,1,34,0,0,429,8.05,47,2,0
1,280,1,47,0,0,6,38.5,133,2,0
2,538,1,48,0,0,121,13.0,47,2,0
3,502,1,29,0,0,539,8.05,47,2,0
3,296,1,38,0,0,639,7.05,47,2,0
2,132,1,29,0,0,135,0.0,47,2,0
1,766,1,56,0,0,44,26.55,47,2,0
3,731,1,29,0,0,421,7.725,47,1,0
3,54,0,0,2,1,194,19.2583,47,0,1
3,430,1,29,0,0,272,7.25,47,2,0
3,124,1,38,0,0,263,8.6625,47,2,0
2,855,0,33,1,2,561,27.75,47,2,1
2,401,0,23,0,0,628,13.7917,90,0,1
3,787,0,22,0,0,509,9.8375,47,2,0
1,164,1,29,0,0,2,52.0,1,2,0
2,676,1,34,1,0,252,21.0,47,2,0
3,107,1,29,1,0,315,7.0458,47,2,0
3,425,1,22,0,0,411,7.5208,47,2,0
3,365,0,2,0,1,251,12.2875,47,2,1
3,297,1,9,5,2,566,46.9,47,2,0
2,268,1,29,0,0,136,0.0,47,2,0
3,706,1,50,0,0,531,8.05,47,2,0
3,825,0,63,0,0,489,9.5875,47,2,1
1,89,1,25,1,0,64,91.0792,31,0,1
3,466,0,29,3,1,488,25.4667,47,2,0
1,381,0,35,1,0,93,90.0,87,2,1
1,435,1,58,0,0,61,29.7,25,0,0
3,774,1,30,0,0,517,8.05,47,2,0
3,182,1,9,1,1,562,15.9,47,2,1
3,317,1,29,1,0,498,19.9667,47,2,0
3,871,1,21,0,0,649,7.25,47,2,0
1,547,1,55,0,0,41,30.5,64,2,0
1,39,1,71,0,0,603,49.5042,47,0,0
3,781,1,21,0,0,518,8.05,47,2,0
3,880,1,29,0,0,176,14.4583,47,0,0
1,242,0,54,1,0,454,78.2667,96,0,1
3,738,1,29,0,0,564,15.1,47,2,0
1,18,0,25,1,2,37,151.55,62,2,0
3,796,1,24,0,0,402,7.7958,47,2,0
3,130,1,17,0,0,261,8.6625,47,2,0
3,133,0,21,0,0,433,7.75,47,1,0
3,607,0,29,0,0,276,7.6292,47,1,0
3,450,0,37,0,0,490,9.5875,47,2,0
1,501,0,16,0,0,0,86.5,42,2,1
1,646,1,18,1,0,611,108.9,74,0,0
2,670,0,33,0,2,180,26.0,47,2,1
1,106,1,29,0,0,10,26.55,47,2,1
3,610,1,28,0,0,542,22.525,47,2,0
3,455,1,26,0,0,80,56.4958,47,2,1
3,195,1,29,0,0,479,7.75,47,1,1
3,849,1,29,0,0,648,8.05,47,2,0
1,521,1,36,0,0,577,26.2875,121,2,1
1,705,0,54,1,0,599,59.4,47,0,1
3,168,1,24,0,0,356,7.4958,47,2,0
1,843,1,47,0,0,456,34.0208,106,2,0
2,472,0,34,0,0,560,10.5,142,2,1
3,709,1,29,0,0,469,24.15,47,1,0
2,35,0,36,1,0,110,26.0,47,2,1
3,641,1,32,0,0,381,7.8958,47,2,0
1,651,0,30,0,0,67,93.5,39,2,1
3,841,1,22,0,0,390,7.8958,47,2,0
3,448,1,29,0,0,173,7.225,47,0,0
1,364,0,44,0,1,7,57.9792,17,0,1
3,427,1,29,0,0,217,7.2292,47,0,0
3,244,1,40,0,0,446,7.75,47,1,0
2,689,0,50,0,0,673,10.5,47,2,1
1,245,1,29,0,0,583,221.7792,88,2,0
3,725,1,39,0,0,250,7.925,47,2,0
2,366,1,23,2,1,235,11.5,47,2,0
2,669,0,2,1,1,180,26.0,47,2,1
3,818,1,29,0,0,181,7.2292,47,0,0
3,236,1,17,1,1,210,7.2292,47,0,0
3,654,0,29,0,2,196,22.3583,47,0,1
3,123,0,30,0,0,260,8.6625,47,2,0
2,341,0,7,0,2,571,26.25,47,2,1
1,120,1,45,0,0,21,26.55,26,2,0
1,461,0,30,0,0,614,106.425,47,0,1
3,692,1,29,0,0,426,14.5,47,2,0
1,266,0,22,0,2,75,49.5,27,0,1
1,188,0,36,0,2,680,71.0,20,2,1
3,26,0,9,4,2,333,31.275,47,2,0
3,27,0,11,4,2,333,31.275,47,2,0
2,73,1,32,1,0,233,26.0,47,2,1
1,222,1,50,1,0,614,106.425,82,0,0
1,587,1,64,0,0,501,26.0,47,2,0
2,74,0,19,1,0,233,26.0,47,2,1
2,622,1,29,0,0,631,13.8625,47,0,1
3,294,1,33,1,1,423,20.525,47,2,0
2,203,1,8,1,1,558,36.75,47,2,1
1,804,1,17,0,2,83,110.8833,77,0,1
2,736,1,27,0,0,148,26.0,47,2,0
3,600,1,29,0,0,284,7.8292,47,1,0
3,463,1,22,0,0,171,7.225,47,0,1
3,609,0,22,0,0,335,7.775,47,2,1
1,874,1,62,0,0,52,26.55,47,2,0
1,228,0,48,1,0,57,39.6,2,0,1
1,693,1,29,0,0,610,227.525,47,0,0
1,800,0,39,1,1,1,79.65,134,2,1
3,885,0,36,1,0,300,17.4,47,2,1
3,558,1,29,0,0,471,7.75,47,1,0
3,751,1,40,0,0,389,7.8958,47,2,0
2,593,1,28,0,0,103,13.5,47,2,0
3,746,1,29,0,0,651,8.05,47,2,0
3,527,0,29,0,0,645,8.05,47,2,0
3,204,1,24,2,0,519,24.15,47,2,0
3,786,1,19,0,0,352,7.8958,47,2,0
3,627,0,29,0,4,395,21.075,47,2,0
3,217,1,29,0,0,207,7.2292,47,0,0
3,416,1,32,0,0,415,7.8542,47,2,1
2,336,1,62,0,0,624,10.5,47,2,1
1,36,0,53,2,0,60,51.4792,48,2,1
1,251,1,36,0,0,578,26.3875,121,2,1
3,432,0,29,0,0,77,7.75,47,1,1
3,708,1,16,0,0,520,8.05,47,2,0
3,639,1,19,0,0,420,14.5,47,2,0
2,277,0,34,0,0,143,13.0,47,2,1
1,745,0,39,1,0,72,55.9,128,2,1
3,135,0,29,1,0,209,14.4583,47,0,0
3,419,1,32,0,0,661,7.925,47,2,1
2,160,0,25,1,1,133,30.0,47,2,1
1,805,0,39,1,1,83,110.8833,75,0,1
2,224,1,54,0,0,226,26.0,47,2,0
1,703,1,36,0,0,68,40.125,0,0,0
3,640,1,29,0,0,291,8.7125,47,0,0
1,798,0,18,0,2,1,79.65,135,2,1
2,395,1,47,0,0,129,15.0,47,2,0
1,267,1,60,1,1,74,79.2,29,0,1
3,284,1,22,0,0,79,8.05,47,2,0
3,566,1,29,0,0,515,8.05,47,2,0
3,691,1,35,0,0,656,7.125,47,2,0
1,783,0,52,1,0,454,78.2667,96,0,1
3,238,1,47,0,0,532,7.25,47,2,0
3,100,0,29,0,2,434,7.75,47,1,0
2,154,1,37,1,0,626,26.0,47,2,0
3,830,1,36,1,1,307,24.15,47,2,0
2,470,0,29,0,0,155,33.0,47,2,1
3,409,1,49,0,0,574,0.0,47,2,0
3,98,1,29,0,0,192,7.225,47,0,0
1,229,1,49,1,0,584,56.9292,4,0,1
2,391,0,24,2,1,142,27.0,47,2,1
3,761,1,29,0,0,360,7.8958,47,2,0
1,335,1,29,0,0,46,42.4,47,2,0
3,816,1,44,0,0,430,8.05,47,2,0
1,374,1,35,0,0,9,26.55,47,0,1
3,483,1,36,1,0,396,15.55,47,2,0
3,424,1,30,0,0,385,7.8958,47,2,0
1,199,1,27,0,0,50,30.5,47,2,1
2,458,0,22,1,2,634,41.5792,47,0,1
1,741,0,40,0,0,588,153.4625,57,2,1
3,30,0,39,1,5,333,31.275,47,2,0
3,394,1,29,0,0,638,7.05,47,2,0
3,568,0,29,1,0,444,15.5,47,1,1
3,377,1,29,0,0,467,7.75,47,1,0
3,110,1,35,0,0,431,8.05,47,2,0
2,357,0,24,1,2,106,65.0,47,2,1
3,197,1,34,1,1,331,14.4,47,2,0
3,488,0,26,1,0,536,16.1,47,2,0
2,77,0,4,2,1,114,39.0,144,2,1
2,279,1,26,0,0,253,10.5,47,2,0
3,875,1,27,1,0,188,14.4542,47,0,0
1,439,1,42,1,0,56,52.5542,95,2,1
3,573,1,20,1,1,187,15.7417,47,0,1
3,327,1,21,0,0,400,7.8542,47,2,0
3,103,1,21,0,0,495,16.1,47,2,0
1,794,1,61,0,0,455,32.3208,110,2,0
2,442,1,57,0,0,104,12.35,47,1,0
1,490,0,21,0,0,71,77.9583,114,2,1
3,96,1,26,0,0,369,7.8958,47,2,0
3,602,1,29,0,0,286,7.7333,47,1,0
1,66,1,80,0,0,218,30.0,5,2,1
3,494,1,51,0,0,345,7.0542,47,2,0
1,777,1,32,0,0,70,30.5,33,0,1
1,635,1,29,0,0,13,0.0,47,2,0
3,757,0,9,3,2,337,27.9,47,2,0
2,206,0,28,0,0,130,13.0,47,2,1
3,469,1,32,0,0,664,7.925,47,2,0
2,173,1,31,1,1,556,26.25,47,2,0
3,633,0,41,0,5,249,39.6875,47,2,0
3,809,1,29,1,0,476,16.1,47,2,0
3,397,1,20,0,0,409,7.8542,47,2,0
1,723,0,24,0,0,581,69.3,24,0,1
3,758,0,2,3,2,337,27.9,47,2,0
3,252,1,29,0,0,80,56.4958,47,2,1
3,53,0,0,2,1,194,19.2583,47,0,1
1,332,1,48,1,0,587,76.7292,101,0,1
3,180,1,19,0,0,373,7.8958,47,2,0
1,747,1,56,0,0,69,35.5,7,0,1
3,865,1,29,0,0,620,7.55,47,2,0
3,780,0,23,0,0,567,7.55,47,2,1
3,544,1,29,0,0,366,7.8958,47,2,0
2,218,0,18,0,1,117,23.0,47,2,1
3,421,1,21,0,0,512,8.4333,47,2,0
3,606,0,29,0,0,277,7.8292,47,1,1
3,352,0,18,0,0,439,6.75,47,1,0
2,360,1,24,2,0,621,73.5,47,2,0
3,671,1,29,0,0,368,7.8958,47,2,0
3,102,0,32,1,1,435,15.5,47,1,0
2,232,1,23,0,0,241,13.0,47,2,0
1,584,1,58,0,2,416,113.275,108,0,0
1,264,1,50,2,0,605,133.65,47,2,1
3,57,1,40,0,0,172,7.225,47,0,0
1,171,1,47,0,0,496,25.5875,132,2,0
3,167,1,36,0,0,357,7.4958,47,2,0
3,484,1,20,1,0,660,7.925,47,2,1
2,361,1,32,2,0,621,73.5,47,2,0
2,119,1,25,0,0,123,13.0,47,2,0
3,699,1,29,0,0,256,7.775,47,2,0
3,179,1,43,0,0,529,8.05,47,2,0
1,802,0,29,1,0,99,52.0,58,2,1
2,114,0,40,1,1,240,39.0,47,2,1
1,202,1,31,1,0,569,52.0,38,2,0
2,543,1,70,0,0,550,10.5,47,2,0
2,864,1,31,0,0,145,13.0,47,2,1
2,846,1,29,0,0,138,0.0,47,2,0
3,231,1,18,0,0,397,7.775,47,2,0
3,730,1,24,0,0,294,8.05,47,2,0
3,824,0,18,0,0,493,9.8417,47,2,1
3,302,0,43,1,6,566,46.9,47,2,0
1,137,1,36,0,1,608,512.3292,34,0,1
3,655,0,29,0,0,281,8.1375,47,1,0
1,345,1,27,0,0,587,76.7292,109,0,1
3,615,1,20,0,0,500,9.225,47,2,0
3,301,1,14,5,2,566,46.9,47,2,0
2,112,1,60,1,1,240,39.0,47,2,0
2,457,1,25,1,2,634,41.5792,47,0,0
3,632,1,14,4,1,249,39.6875,47,2,0
3,194,1,19,0,0,372,10.1708,47,2,0
3,247,1,18,0,0,403,7.7958,47,2,0
1,498,0,15,0,1,141,211.3375,32,2,1
1,213,1,31,1,0,89,57.0,19,2,1
3,426,0,4,0,1,393,13.4167,47,0,1
3,452,1,29,0,0,80,56.4958,47,2,1
3,713,1,25,0,0,200,7.225,47,0,0
1,850,1,60,0,0,48,26.55,47,2,0
2,153,1,52,0,0,156,13.5,47,2,0
3,433,1,44,0,0,425,8.05,47,2,0
3,565,0,29,0,0,419,7.7333,47,1,1
1,803,1,49,1,1,83,110.8833,75,0,0
3,382,1,42,0,0,346,7.65,139,2,0
1,45,0,18,1,0,610,227.525,73,0,1
1,743,1,35,0,0,579,26.2875,120,2,1
3,63,0,18,0,1,211,14.4542,47,0,0
3,275,1,25,0,0,449,7.7417,47,1,0
3,326,1,26,1,0,398,7.8542,47,2,0
2,556,1,39,0,0,170,26.0,47,2,0
2,434,0,45,0,0,108,13.5,47,2,1
1,126,1,42,0,0,580,26.2875,120,2,1
1,163,0,22,0,0,37,151.55,47,2,1
3,561,1,29,1,1,189,15.2458,47,0,1
1,514,0,24,0,0,582,49.5042,84,0,1
1,443,1,29,0,0,19,26.55,56,2,0
1,801,1,48,1,0,99,52.0,58,2,1
3,459,1,29,0,0,506,9.4833,47,2,0
2,307,1,52,0,0,164,13.0,47,2,0
3,773,1,19,0,0,348,7.65,140,2,0
1,241,0,38,0,0,610,227.525,66,0,1
2,822,0,27,0,0,293,10.5,116,2,1
3,520,1,29,0,0,440,15.5,47,1,0
3,410,1,33,0,0,319,7.775,47,2,0
2,331,0,6,0,1,155,33.0,47,2,1
3,399,1,17,1,0,408,7.0542,47,2,0
2,286,1,34,0,0,65,13.0,47,2,0
2,368,1,50,0,0,161,13.0,47,2,0
1,151,1,27,1,0,51,53.1,137,2,1
3,617,1,20,0,0,266,8.6625,47,2,0
2,677,0,30,3,0,252,21.0,47,2,1
3,507,0,29,0,0,451,7.7375,47,1,1
2,115,1,25,1,0,127,26.0,47,2,0
3,387,0,25,1,0,667,7.925,47,2,0
1,14,0,29,0,0,141,211.3375,32,2,1
3,346,1,11,0,0,216,18.7875,47,0,0
2,445,1,29,0,0,137,0.0,47,2,0
2,84,1,23,0,0,228,13.0,47,2,0
2,820,1,23,0,0,119,13.0,47,2,0
3,869,1,28,0,0,495,16.1,47,2,0
3,256,0,48,1,3,676,34.375,47,2,0
1,476,1,35,0,0,608,512.3292,15,0,1
3,389,1,29,0,0,349,7.8958,47,2,0
3,574,1,29,0,0,364,7.8958,47,2,0
1,347,1,29,0,0,82,30.0,105,2,1
1,148,1,36,1,0,91,78.85,67,2,0
1,711,0,21,2,2,602,262.375,35,0,1
3,526,1,24,1,0,477,16.1,47,2,0
3,788,1,31,0,0,662,7.925,47,2,1
1,187,1,70,1,1,680,71.0,20,2,0
3,1,1,16,1,1,551,20.25,47,2,0
2,748,0,30,0,0,165,13.0,47,2,1
1,511,1,19,1,0,35,53.1,100,2,0
3,176,1,31,0,0,287,7.75,47,1,0
2,852,0,4,1,1,234,23.0,47,2,1
3,549,1,6,0,1,486,12.475,118,2,1
3,833,1,33,0,0,312,9.5,47,2,0
3,415,1,23,0,0,351,7.8958,47,2,0
2,358,0,48,1,2,106,65.0,47,2,1
2,321,1,0,1,1,166,14.5,47,2,1
3,138,1,28,0,0,404,7.7958,47,2,0
2,58,1,18,0,0,238,11.5,47,2,0
3,806,1,34,0,0,424,8.05,47,2,0
1,704,0,33,0,0,0,86.5,40,2,1
3,276,1,29,0,0,420,14.5,47,2,0
3,591,1,41,0,0,646,7.125,47,2,0
3,62,1,20,0,0,191,7.2292,47,0,1
1,146,0,36,1,2,33,120.0,47,2,1
3,233,1,16,0,0,327,7.775,47,2,0
1,369,0,51,1,0,71,77.9583,92,2,1
1,109,1,29,0,0,18,39.6,47,0,0
3,506,0,30,0,0,436,7.75,47,1,0
3,553,1,29,1,0,469,24.15,47,1,0
3,309,1,32,0,0,511,8.3625,47,2,0
3,480,1,24,0,0,313,9.5,47,2,0
3,398,1,48,0,0,407,7.8542,47,2,0
2,496,0,57,0,0,619,10.5,136,2,0
3,235,1,29,0,0,201,7.225,47,0,0
2,367,0,54,1,3,236,23.0,47,2,1
3,569,1,18,0,0,330,7.75,47,2,0
3,812,1,29,0,0,481,7.75,143,1,0
3,239,0,5,0,0,432,12.475,47,2,1
3,438,1,29,0,0,450,7.7375,47,1,0
1,694,0,43,0,1,141,211.3375,22,2,1
3,50,0,13,0,0,208,7.2292,47,0,1
1,214,0,17,1,0,89,57.0,19,2,1
1,489,1,29,0,0,26,30.0,112,2,0
3,414,1,29,1,2,675,23.45,47,2,0
3,13,1,25,0,0,643,7.05,47,2,0
3,330,1,25,0,0,474,7.25,47,2,0
3,753,0,18,0,0,243,7.4958,47,2,1
3,683,1,8,4,1,480,29.125,47,1,0
3,208,1,1,1,2,548,20.575,47,2,1
1,310,1,46,0,0,592,79.2,44,0,0
3,429,1,29,0,0,66,7.75,47,1,0
2,278,1,16,0,0,139,26.0,47,2,0
3,719,0,29,8,2,568,69.55,47,2,0
1,380,1,29,0,0,597,30.6958,47,0,0
3,201,1,25,0,0,350,7.8958,47,2,0
2,621,1,39,0,0,223,13.0,47,2,0
1,462,0,49,0,0,87,25.9292,94,2,1
3,619,0,31,0,0,383,8.6833,47,2,1
3,384,1,30,0,0,206,7.2292,47,0,0
3,831,0,30,1,1,307,24.15,47,2,0
2,666,1,34,0,0,164,13.0,47,2,0
2,174,0,31,1,1,556,26.25,47,2,1
1,142,1,11,1,2,33,120.0,47,2,1
3,807,1,0,0,1,174,8.5167,47,0,1
3,351,1,27,0,0,338,6.975,47,2,1
3,406,1,31,0,0,320,7.775,47,2,0
1,34,1,39,0,0,12,0.0,11,2,0
3,660,0,18,0,0,336,7.775,47,2,0
2,534,1,39,0,0,154,13.0,47,2,0
1,152,0,33,1,0,51,53.1,137,2,1
3,10,1,26,0,0,339,7.8875,47,2,0
3,475,1,39,0,0,519,24.15,47,2,0
2,763,1,35,0,0,222,10.5,47,2,0
3,23,0,6,4,2,333,31.275,47,2,0
3,814,1,30,0,0,427,8.05,47,2,0
1,269,1,29,0,0,15,0.0,16,2,0
3,354,0,23,0,0,671,7.925,47,2,0
2,504,1,31,1,1,618,37.0042,47,0,0
3,371,1,43,0,0,543,6.45,47,2,0
3,756,1,10,3,2,337,27.9,47,2,0
1,349,0,52,1,1,67,93.5,37,2,1
3,493,1,27,0,0,269,8.6625,47,2,1
1,678,1,38,0,0,97,0.0,47,2,0
3,550,0,27,0,1,486,12.475,118,2,1
3,630,1,2,4,1,249,39.6875,47,2,0
3,250,1,29,0,0,448,6.95,47,1,0
3,453,1,29,0,0,80,56.4958,47,2,0
2,503,1,1,0,2,618,37.0042,47,0,1
3,516,1,29,0,0,442,7.75,47,1,1
1,785,0,62,0,0,32,80.0,21,2,1
3,876,0,15,1,0,188,14.4542,47,0,1
2,686,1,0,1,1,237,18.75,47,2,1
3,712,1,29,0,0,199,7.2292,47,0,0
3,49,1,23,0,0,342,7.8542,47,2,0
3,19,1,18,0,0,107,8.3,47,2,0
1,175,0,39,1,1,609,83.1583,130,0,1
3,638,1,21,0,0,268,8.6625,47,2,0
3,750,1,29,0,0,485,8.05,47,2,0
3,158,1,32,0,0,80,56.4958,47,2,1
1,508,1,29,0,0,62,29.7,68,0,1
3,11,1,20,0,0,647,7.925,47,2,0
2,564,1,16,0,0,619,10.5,47,2,0
1,734,0,30,0,0,47,31.0,47,0,1
3,471,1,34,0,0,205,6.4375,47,0,0
3,189,1,17,0,0,264,8.6625,47,2,0
3,0,1,42,0,0,563,7.55,47,2,0
3,720,1,29,8,2,568,69.55,47,2,0
3,509,1,35,0,0,359,7.8958,47,0,0
2,334,1,28,0,1,155,33.0,47,2,0
1,291,0,29,1,0,84,89.1042,86,0,1
3,22,1,4,4,2,333,31.275,47,2,0
3,795,1,74,0,0,317,7.775,47,2,0
3,97,0,9,1,1,203,15.2458,47,0,0
1,485,0,16,0,1,591,39.4,99,2,1
2,145,0,44,1,0,144,26.0,47,2,0
3,8,0,18,0,1,484,9.35,47,2,1
1,860,0,45,1,1,453,164.8667,47,2,1
1,196,1,51,0,0,23,26.55,119,2,1
3,56,0,24,0,3,194,19.2583,47,0,1
3,672,1,29,0,0,178,7.2292,47,0,0
3,325,1,41,2,0,399,14.1083,47,2,0
2,283,1,21,1,0,221,11.5,47,2,0
1,797,0,48,0,0,88,25.9292,94,2,1
3,718,0,29,8,2,568,69.55,47,2,0
2,285,1,24,0,0,120,13.0,47,2,0
2,122,0,42,0,0,126,13.0,47,2,1
2,230,0,27,1,0,632,13.8583,47,0,1
1,696,1,31,0,0,590,50.4958,6,2,0
3,890,1,29,0,0,309,9.5,47,2,0
3,407,1,4,1,1,344,11.1333,47,2,1
3,59,1,26,0,0,387,7.8958,47,2,0
1,79,0,47,1,1,54,52.5542,102,2,1
1,139,1,33,0,0,502,5.0,34,2,0
3,836,1,47,0,0,303,9.0,47,2,0
2,4,0,28,1,0,575,24.0,47,0,1
3,571,0,15,0,0,195,7.225,47,0,1
3,311,1,20,0,0,504,9.8458,47,2,0
3,657,1,19,0,0,358,7.8958,47,2,0
3,451,1,29,0,0,363,7.8958,47,2,0
1,668,0,56,0,1,59,83.1583,70,0,1
2,739,0,25,0,1,115,26.0,47,2,1
3,510,1,33,0,0,394,7.8958,47,2,0
3,193,0,22,0,0,508,10.5167,47,2,0
2,61,1,28,0,0,565,10.5,47,2,0
3,793,1,25,0,0,650,7.05,47,2,0
3,684,0,39,0,5,480,29.125,47,1,0
2,548,1,27,0,0,101,13.0,47,2,0
1,303,0,19,0,0,14,30.0,30,2,1
3,413,0,29,1,2,675,23.45,47,2,0
1,81,1,26,0,0,8,30.0,60,0,1
3,220,1,32,0,0,466,7.75,47,1,0
2,432,0,32,0,0,84,9.060627184616164,47,1,1
2,866,0,17,1,0,262,20.608196383692963,47,2,1
2,666,0,31,0,0,120,13.0,47,2,1
1,244,0,39,0,0,609,214.45108350318924,63,0,1
2,277,0,33,0,0,143,13.010428195796786,47,2,1
1,798,0,28,0,1,1,79.65,134,2,1
1,478,0,17,0,0,615,77.44799423260923,47,0,1
2,7,0,20,0,0,504,12.603879423396197,47,1,1
1,871,1,29,0,0,100,32.80302923499214,68,2,1
1,291,0,48,0,0,593,146.7734994165656,53,2,1
1,73,0,22,0,0,232,26.22836118434992,44,2,1
1,118,0,41,0,0,593,25.54861773447491,34,0,1
3,55,0,16,0,0,199,7.2292,47,0,1
2,521,0,17,0,0,173,15.85580504081095,47,1,1
1,249,0,42,0,0,608,193.38927107664378,59,0,1
2,221,1,19,0,0,534,8.567446058104384,49,2,1
1,244,0,28,0,0,240,28.09763026493507,45,2,1
3,575,0,14,0,0,192,8.23633394764174,47,0,1
2,853,0,18,1,2,561,27.75,47,2,1
3,571,0,16,0,0,192,9.787490301216483,47,0,1
1,485,0,18,0,0,123,167.23231362175247,36,2,1
3,393,1,20,0,0,398,7.918910186795753,47,2,1
3,509,0,29,1,0,448,17.1982471766884,47,1,1
1,213,0,24,1,0,89,57.0,19,2,1
1,347,0,28,0,0,80,32.73652290257231,103,1,1
2,231,0,32,1,0,228,30.688797982462027,47,2,1
3,788,1,29,0,0,661,7.936466764254169,47,2,1
2,76,0,3,2,1,114,39.0,144,2,1
3,182,1,8,1,1,562,15.9,47,2,1
2,831,0,44,0,0,565,13.180373008542794,47,2,1
2,357,0,24,1,1,106,64.45471725620283,47,2,1
3,37,0,6,4,2,309,25.708278192161423,47,2,1
2,239,1,29,0,0,82,56.66110925699796,37,2,1
2,540,0,13,0,0,154,22.01987137028319,47,1,1
3,598,0,23,0,0,320,7.780702770683818,47,1,1
1,366,0,41,0,0,16,56.35415119162003,25,0,1
2,341,0,51,0,0,590,20.45741565967176,47,2,1
2,490,1,13,0,0,644,18.617252291003183,47,1,1
1,153,0,36,0,0,602,94.86566311253642,83,0,1
3,489,0,25,0,0,177,7.225,47,0,1
2,379,0,40,0,0,134,14.264056780761717,47,2,1
1,90,1,27,0,0,3,27.11820639021713,69,1,1
2,341,0,45,0,2,252,18.108104009181027,47,1,1
3,535,0,28,0,0,282,8.025299949196206,47,1,1
1,105,1,28,0,0,9,26.55,47,2,1
2,56,0,34,1,0,236,14.165955111913512,72,2,1
2,176,0,23,1,1,557,22.912791145067622,47,2,1
1,103,0,22,0,1,28,54.95942948800825,122,2,1
2,177,0,20,1,1,558,21.200163153397558,47,2,1
1,257,0,29,0,0,83,105.9504258623866,55,0,1
1,772,0,40,0,0,38,51.28981082677948,15,2,1
1,327,1,43,0,0,591,74.39776391441717,99,0,1
1,101,1,28,0,0,7,26.55,54,2,1
3,197,1,4,1,1,553,18.767012256044985,47,2,1
1,786,0,60,0,0,35,81.95398673884681,24,1,1
1,709,0,42,0,1,133,197.52294357256957,29,1,1
1,128,0,38,0,0,70,106.73719902450895,130,0,1
2,574,0,15,0,0,136,27.47888321723096,47,0,1
2,469,0,18,0,0,625,13.054289344100122,47,0,1
3,208,0,29,0,0,476,15.655355156006058,47,2,1
2,496,1,19,0,0,663,8.589199691366526,47,2,1
3,808,1,21,0,0,600,2.7371284294248586,47,2,1
1,799,0,39,1,1,82,115.19990846450796,83,0,1
2,672,0,29,0,0,118,13.0,47,2,1
1,288,0,26,0,0,30,40.86507163997625,41,2,1
2,854,0,29,0,0,119,22.855920218294127,47,2,1
2,729,0,25,0,1,612,17.592622786339057,142,2,1
2,452,0,27,0,0,82,52.07650928580965,47,2,1
1,264,0,22,0,1,75,55.612668271726136,28,0,1
1,275,1,55,1,0,77,82.83383654687411,49,0,1
1,730,0,30,0,0,570,20.935067173818638,95,2,1
3,583,0,16,1,0,186,12.813143085756973,47,0,1
1,801,0,34,1,0,99,52.0,58,2,1
3,182,1,3,1,1,562,15.9,47,2,1
1,730,0,30,0,0,41,37.26670345328599,46,0,1
2,758,0,30,0,0,133,12.493080895192545,47,1,1
2,861,0,31,0,0,250,11.747110761540007,91,2,1
3,727,0,22,0,1,616,16.7,145,2,1
1,93,0,53,0,0,44,31.390101146534487,48,2,1
3,735,0,28,0,0,309,9.312325248775096,47,2,1
3,879,0,23,1,0,232,15.613581276054779,47,0,1
3,515,0,29,0,0,442,7.749885036854792,47,1,1
1,151,0,27,0,0,48,53.29279593144546,135,2,1
2,664,0,13,0,0,173,26.0,47,2,1
2,688,0,49,0,0,672,10.51701957568291,47,1,1
1,158,1,30,0,0,46,48.83054623486541,134,2,1
1,678,0,37,1,0,604,81.737677426354,59,0,1
1,452,0,42,0,0,83,20.32810117789501,79,1,1
3,228,0,21,0,0,432,12.475,47,2,1
1,836,0,55,1,0,21,83.24145558480096,97,0,1
2,307,0,32,1,0,432,38.643318016172614,56,2,1
1,526,0,35,0,0,596,97.43777878041908,46,0,1
2,564,0,27,0,0,507,11.832335596135445,125,2,1
2,151,0,18,0,1,139,29.746491405118025,47,2,1
2,210,0,30,0,0,125,16.503671009527853,47,2,1
1,720,0,28,0,0,583,67.80731176389236,27,0,1
1,679,0,37,0,0,19,40.262603663371245,51,2,1
2,160,0,26,1,0,118,28.273234413341886,47,2,1
1,261,0,48,1,0,605,142.44371882986218,48,1,1
3,42,0,3,4,2,329,31.3875,47,2,1
1,145,0,36,1,2,33,120.0,47,2,1
3,789,0,23,0,0,568,5.707878192487919,47,2,1
1,384,0,38,0,0,31,79.40567082409265,20,1,1
2,76,0,2,2,1,114,39.0,144,2,1
1,86,0,33,0,0,609,128.47239175853,81,1,1
1,506,0,36,0,0,583,85.28987637707394,68,0,1
2,553,0,25,0,1,183,16.11871375247312,47,0,1
1,789,0,28,0,1,81,122.7539294367374,100,0,1
2,687,0,15,1,2,237,18.75,47,2,1
3,559,0,29,1,0,456,19.88972194846683,47,1,1
1,147,0,33,0,1,33,126.1599162650283,47,2,1
3,32,0,21,3,1,247,10.12456698655257,47,2,1
2,382,0,25,0,0,658,9.57220721873177,59,1,1
1,32,0,62,0,0,71,76.70825750290189,113,2,1
2,61,0,9,1,0,207,21.648419422682647,47,0,1
2,388,0,27,1,0,140,24.520450488301314,47,2,1
1,289,0,29,1,0,81,86.9604589627592,84,0,1
1,784,0,60,0,0,32,77.94982167661513,20,2,1
2,85,0,31,0,0,80,58.39893844813405,47,2,1
2,429,0,37,0,0,123,18.126983753193056,47,2,1
1,804,0,39,1,0,83,109.97316341194575,74,0,1
1,148,0,28,0,0,53,58.93486900535915,136,1,1
2,366,0,31,0,2,242,18.413077311150772,47,2,1
3,590,0,25,0,0,342,7.851559061668258,47,2,1
1,271,0,35,1,0,49,54.049518597970504,54,1,1
2,697,0,23,1,2,237,17.095739013720763,47,2,1
2,434,0,23,0,0,156,20.471722051393527,47,1,1
1,375,0,43,1,0,84,85.36276868149419,88,2,1
2,741,0,19,0,1,160,14.93522327028086,47,2,1
3,577,0,29,1,0,448,15.5,47,1,1
1,148,0,27,0,1,28,55.0,123,2,1
3,343,0,25,0,0,668,12.337650004982425,47,2,1
3,52,0,0,1,0,194,18.49029939385745,47,0,1
3,467,0,22,0,0,543,7.217080026979899,47,2,1
1,369,0,38,0,0,8,40.06263347302733,34,0,1
2,866,1,29,0,0,150,13.0,47,2,1
1,189,0,37,0,0,628,71.17423154732387,57,0,1
2,824,0,17,0,0,493,10.01981863617782,47,2,1
2,218,0,31,0,1,117,23.0,47,2,1
2,717,0,22,0,0,584,13.486356155344833,94,2,1
1,813,0,29,0,0,585,72.89084455069332,47,0,1
2,57,0,32,2,0,243,18.481198529794824,47,2,1
2,189,1,4,1,1,560,22.217221800248662,47,2,1
3,200,1,37,0,0,516,8.05,47,2,1
3,43,0,16,2,3,329,31.3875,47,2,1
2,868,0,11,1,0,201,16.96317718271551,47,0,1
3,782,0,27,0,0,583,7.6214895666955575,47,2,1
2,478,0,16,1,0,655,14.315481792787914,47,1,1
2,200,1,7,1,1,558,33.978457842395166,47,2,1
1,515,0,24,0,0,583,52.33833616585878,80,0,1
3,506,0,28,0,0,274,8.215075400996678,47,1,1
2,232,0,41,0,0,442,45.271090394828164,71,1,1
2,123,0,37,0,0,132,16.227277136531598,47,2,1
1,144,0,36,1,2,33,120.0,47,2,1
1,295,0,24,0,0,609,84.3075548538647,77,0,1
2,682,0,0,1,1,225,20.23050314658827,47,2,1
1,750,1,53,0,0,69,34.95002670908783,9,0,1
3,211,1,27,0,0,525,8.05,47,2,1
3,401,1,25,0,0,406,7.8177340444341725,47,2,1
2,527,0,21,0,0,667,11.95672006753347,47,2,1
2,213,0,12,0,0,284,39.077655621229944,31,1,1
2,686,0,2,1,1,234,19.01058148502638,47,2,1
1,364,0,31,0,0,77,86.81451803934314,80,1,1
3,739,0,19,0,0,267,7.5663241973280915,47,2,1
2,353,0,9,0,1,589,21.73697527897952,47,2,1
3,560,0,28,0,0,461,14.262270613221258,76,1,1
1,660,0,51,0,0,39,31.601059022799685,50,2,1
3,61,0,19,0,0,191,7.6784650972831745,47,0,1
3,829,0,26,0,1,185,15.105370603818185,47,0,1
2,672,0,24,0,0,135,17.682478338346417,47,2,1
3,574,0,2,0,1,186,15.16992769306652,47,0,1
3,57,0,10,0,0,192,12.976183600474752,47,0,1
1,280,0,44,0,0,83,94.11353340771005,77,0,1
2,683,0,46,0,0,666,9.971238482632735,61,2,1
2,457,0,14,1,2,634,41.5792,47,0,1
2,532,0,39,0,1,164,19.136914814423513,47,1,1
1,458,1,35,0,0,608,512.3292,15,0,1
3,475,0,22,0,0,543,7.1992457065988305,47,2,1
1,359,0,29,0,0,51,68.84527130966418,60,0,1
1,49,0,57,1,0,64,68.74753296065059,109,2,1
1,172,0,27,0,0,86,27.232588998248023,47,2,1
3,402,0,29,0,0,499,8.10374637880517,47,1,1
2,94,0,36,1,0,236,32.711904527915536,47,2,1
1,55,0,34,0,0,80,70.01042297041974,47,2,1
2,425,0,40,0,0,114,16.264986370622502,47,2,1
1,335,1,42,0,0,587,76.7292,103,0,1
3,412,1,19,0,0,383,9.293631185635851,47,2,1
1,350,0,25,0,0,61,83.69507502422938,73,0,1
2,182,0,3,0,1,561,16.162380194349986,47,2,1
1,86,1,24,1,0,62,93.33788024569412,32,0,1
2,855,0,5,1,0,226,21.598318913873207,47,1,1
1,657,0,45,0,0,48,49.653625016097024,46,2,1
1,98,0,37,0,0,73,110.69554432565086,113,0,1
1,531,0,30,0,0,88,87.9132417860029,84,1,1
1,188,0,36,0,1,666,71.04431861418873,29,1,1
1,847,0,40,1,0,458,127.6388898416171,47,2,1
2,575,0,28,0,0,522,11.390277337205411,131,2,1
1,717,0,24,0,0,561,15.005816870372767,67,2,1
3,556,0,29,0,0,452,18.57156227436198,47,1,1
2,123,0,30,0,0,134,17.478942351135085,47,2,1
2,173,0,7,0,2,555,25.993860467763625,47,2,1
1,162,0,39,0,0,601,68.25228797002171,127,0,1
2,362,0,54,0,1,189,19.119521632420195,47,2,1
1,734,0,33,0,0,585,120.78394730494867,44,1,1
2,55,0,34,1,0,239,14.654139822080799,65,2,1
2,195,0,28,0,0,122,16.220502863515048,47,2,1
2,352,0,12,0,1,150,30.86416392809243,47,2,1
